Application Name,Conversation,Document Content,Rating,Timestamp,Comment
general,"[{'role': 'user', 'content': 'Hi'}, {'role': 'assistant', 'content': ' Hello! How can I help you today?\n'}]",,1,2024-01-18 10:57:39,gg
general,"[{'role': 'user', 'content': 'hi'}, {'role': 'assistant', 'content': ' Hello! How can I help you today?\n'}]",,1,2024-01-18 10:58:53,
general,"[{'role': 'user', 'content': 'hi'}, {'role': 'assistant', 'content': ' Hello! How can I help you today?\n'}, {'role': 'user', 'content': 'hi'}, {'role': 'assistant', 'content': ' Hello! How can I help you today?\n'}]",,1,2024-01-18 10:59:01,2
general,"[{'role': 'user', 'content': 'hi'}, {'role': 'assistant', 'content': ' Hello! How can I help you today?\n'}]",,0,2024-01-18 10:59:10,3
general,"[{'role': 'user', 'content': 'hi'}, {'role': 'assistant', 'content': ' Hello! How can I help you today?\n'}, {'role': 'user', 'content': 'write me a poem'}, {'role': 'assistant', 'content': "" I'd be happy to help you craft a poem, but I need some context or theme in mind. Here's an example of a nature-themed poem:\n\nIn the quiet hush of twilight hours,\nWhere sunset paints the sky with colors so pure,\nThe day surrenders gently to night's allure,\nAnd whispers secrets only stars can hear.\nBeneath this canvas vast and wide, I stand in awe,\nAs nature weaves her magic spell that draws me raw.\nIn every leafy branch adorned with dew-kissed grace,\nI find the gentle touch of time's eternal face.""}]",,1,2024-01-18 11:00:33,nice
general,"[{'role': 'user', 'content': 'Hi'}, {'role': 'assistant', 'content': 'Hello! How can I help you today?\n\n'}, {'role': 'user', 'content': ""I'm bruno""}, {'role': 'assistant', 'content': 'Hello Bruno, nice to meet you. Is there a specific question or topic you have in mind that you would like assistance with? I am here to help answer any questions and provide information on various topics. Let me know how I can be of service!\n\n'}, {'role': 'user', 'content': 'what is my name?'}, {'role': 'assistant', 'content': "" Based on the conversation we've had so far, your name is Bruno. Is there something specific you would like to ask or discuss related to that name or any other topic for that matter? I am here to help answer questions and provide information! Let me know how I can be of service!\n\n""}, {'role': 'user', 'content': 'I like tennis'}, {'role': 'assistant', 'content': "" Great choice, Bruno! Tennis is a fantastic sport. Would you like some general information about it, such as its history or rules? Or perhaps you'd prefer to discuss specific players, tournaments, or techniques related to the game of tennis? Let me know how I can help make this conversation more enjoyable and informative for you!\n\n""}, {'role': 'user', 'content': 'what is my name'}, {'role': 'assistant', 'content': ' Based on our previous conversations in this chat session, your name has been established as Bruno. Is there something specific about tennis or any other topic that you would like to know or discuss? I am here to help answer questions and provide information on a wide range of topics! Let me know how I can be of service!\n\n\n'}]",,0,2024-01-18 11:09:01,bad
general,"[{'role': 'user', 'content': 'Hi'}, {'role': 'assistant', 'content': 'Hello! How can I help you today?\n\n'}, {'role': 'user', 'content': 'my name is name'}, {'role': 'assistant', 'content': "" Nice to meet you, Name. Is there a specific question or topic you'd like to discuss? I'm here to provide information and answer any questions you might have. For example, if it's about the weather, science facts, recipes or even just for a friendly chat! Let me know how I can assist you today :)\n\n""}]",,1,2024-01-18 14:17:24,cool
general,"[{'role': 'user', 'content': 'Hi'}, {'role': 'assistant', 'content': 'Hello! How can I help you today?\n\n'}, {'role': 'user', 'content': 'my name is name'}, {'role': 'assistant', 'content': "" Nice to meet you, Name. Is there a specific question or topic you'd like to discuss? I'm here to provide information and answer any questions you might have. For example, if it's about the weather, science facts, recipes or even just for a friendly chat! Let me know how I can assist you today :)\n\n""}]",,0,2024-01-18 14:17:34,zaedzae
general,"[{'role': 'user', 'content': 'comment me faire rembourser les frais de voyage ?'}, {'role': 'assistant', 'content': "" Pour obtenir le remboursement de vos frais professionnels, dont ceux liés au transport lorsque vous déplacez-vous pour des raisons d'affaires, il est nécessaire que vous soumettez votre ordre de mission et votre note de frais via l’application N2F : <https://www.n2f.com/fr/note-de-frais>. Si vous bénéficiez d'une gratification mensuelle, le remboursement se fera sur ce bulletin ; sinon, il sera effectué par note de frais. En cas de forfait mobilités durables (jusqu'à 240€), demandez-le auprès du service RH avant que le mois échue pour être pris en charge."", 'sources': ""##### Sources:\n\n1. <a href='http://qms-toulouse.kratos.us/internal/HR/Livret_des_Salaries.html#les-frais-professionnels' target='_blank'>Livret_des_Salaries.html#les-frais-professionnels</a><br>\n2. <a href='http://qms-toulouse.kratos.us/internal/HR/Livret_Accueil_Stagiaires.html#transports' target='_blank'>Livret_Accueil_Stagiaires.html#transports</a><br>\n""}, {'role': 'user', 'content': 'comment fonctionne cette application'}, {'role': 'assistant', 'content': "" L'application N2F est utilisée pour soumettre et obtenir le remboursement des frais professionnels, y compris les déplacements lorsque vous voyagez à titre d’affaires. Pour utiliser l'application, il faut créer un compte sur son site web (<https://www.n2f.com/fr/>) et soumettre une note de frais avec des preuves justificatives après chaque dépense professionnel inscrite dans cette application. Les informations nécessaires pour le remboursement, telles que les ordres de mission, doivent également être fournies à l'application via N2F. Si vous bénéficiez d’une gratification mensuelle ou si des frais forfaitaires sont prévus dans votre contrat (jusqu'à 240€), le remboursement se fera de différentes manières en fonction du cas particulier."", 'sources': ""##### Sources:\n\n1. <a href='http://qms-toulouse.kratos.us/internal/HR/Livret_des_Salaries.html#les-frais-professionnels' target='_blank'>Livret_des_Salaries.html#les-frais-professionnels</a><br>\n2. <a href='http://qms-toulouse.kratos.us/Customer_Support_Data_Process.html#process' target='_blank'>Customer_Support_Data_Process.html#process</a><br>\n3. <a href='http://qms-toulouse.kratos.us/Software_Developers_Guide.html#software-developers-guide-1' target='_blank'>Software_Developers_Guide.html#software-developers-guide-1</a><br>\n""}]",,1,2024-01-19 09:49:31,test
general,"[{'role': 'user', 'content': ""je cherche ce qu'il faut imputer dans le timesheet pour un repos ?""}, {'role': 'assistant', 'content': "" Pour indiquer des heures consacrées à une absence, telles que congés payés (F3001.001.VAC), RTT ou CL (si applicable) sur votre feuille de présence, vous devrez imputer les heures appropriées sous ces codes respectifs dans le timesheet avant partir en repos si c'est une semaine complète ou au plus tard vendredi s'il reste encore des jours à travailler dans la semaine. Vous ne pouvez poser que des demi-journées d’absence, et les heures de vacances feriées doivent être imputées sous le code F3001.001.HOL ."", 'sources': ""##### Sources:\n\n1. <a href='http://qms-toulouse.kratos.us/internal/HR/Livret_Accueil_Stagiaires.html#fonctionnement-des-feuilles-de-présence-timesheet' target='_blank'>Livret_Accueil_Stagiaires.html#fonctionnement-des-feuilles-de-présence-timesheet</a><br>\n2. <a href='http://qms-toulouse.kratos.us/internal/HR/Livret_des_Salaries.html#jours-de-repos' target='_blank'>Livret_des_Salaries.html#jours-de-repos</a><br>\n""}]",,1,2024-01-19 09:51:47,cool !
general,"[{'role': 'user', 'content': 'hi'}, {'role': 'assistant', 'content': "" Bonjour ! Je suis désolée mais je ne peux pas vous accueillir immédiatement car ma porte est fermée pour indiquer que je suis actuellement indisponible. Cependant, si c'est une affaire d'urgence ou si vous avez des questions concernant le système de gestion de la qualité Kratos, s’il te plaît ne hesitez pas à frapper doucement et je reviendrai au plus vite pour vous accueillir. Merci d'avoir patienté !"", 'sources': ""##### Sources:\n\n1. <a href='http://qms-toulouse.kratos.us/Quality_Manual.html#management-domain' target='_blank'>Quality_Manual.html#management-domain</a><br>\n2. <a href='http://qms-toulouse.kratos.us/internal/HR/Charte_Communication.html#je-suis-courtoise-et-polie' target='_blank'>Charte_Communication.html#je-suis-courtoise-et-polie</a><br>\n3. <a href='http://qms-toulouse.kratos.us/internal/HR/Charte_Communication.html#jaffiche-ma-disponibilité-bureau-et-je-respecte-celle-des-autres.' target='_blank'>Charte_Communication.html#jaffiche-ma-disponibilité-bureau-et-je-respecte-celle-des-autres.</a><br>\n""}]",,0,2024-01-19 09:55:15,bad
general,"[{'role': 'user', 'content': 'Hi'}, {'role': 'assistant', 'content': 'Hello! How can I help you today?\n\n'}]",,0,2024-01-19 09:55:58,ee
general,"[{'role': 'user', 'content': 'comment compléter un timesheet ?'}, {'role': 'assistant', 'content': "" Pour compléter un timesheet, vous devrez suivre les étapes ci-dessus définies dans votre cadre de vie au travail selon que vous soyez stagiaire ou salarié. Si vous êtes stagiaire, téléchargez le template Timesheet Stagiaires et renommez l'onglet du formulaire des timesheets avec votre nom de famille. Remplissez les heures travaillées en fonction des projets sur lesquels vous avez travaille, sauvegardez-le en version PDF puis signer électroniquement et envoyez-le à votre tuteur d'entreprise pour signature. Si c'est un congé ou une absence, imputez vos heures sur le code projet «\xa0F3001.001.VAC». \nSi vous êtes salarié, connectez-vous sur Costpoint en utilisant votre nom d’utilisateur et mot de passe pour accéder à la page des saisies des timesheets puis sélectionnez le code projet correspondant aux heures travaillées"", 'sources': ""##### Sources:\n\n1. <a href='http://qms-toulouse.kratos.us/internal/HR/Livret_Accueil_Stagiaires.html#fonctionnement-des-feuilles-de-présence-timesheet' target='_blank'>Livret_Accueil_Stagiaires.html#fonctionnement-des-feuilles-de-présence-timesheet</a><br>\n2. <a href='http://qms-toulouse.kratos.us/internal/HR/Livret_des_Salaries.html#règles-générales' target='_blank'>Livret_des_Salaries.html#règles-générales</a><br>\n3. <a href='http://qms-toulouse.kratos.us/internal/HR/Livret_Accueil_Consultants.html#fonctionnement-des-feuilles-de-présence-timesheets' target='_blank'>Livret_Accueil_Consultants.html#fonctionnement-des-feuilles-de-présence-timesheets</a><br>\n""}]",,1,2024-01-19 10:59:11,wow 
qms_virtual_assistant,"[{'role': 'user', 'content': 'ow to reqest lcal adin rights'}, {'role': 'assistant', 'content': ' Pour demander des droits d\'administrateur local, vous devrez accéder au portail AskIT en utilisant vos crédentiels Kratos. Ensuite cliquez sur le logo ""Nouvelle Demande"" > ""Logins et Accès"", puis sélectionnez ""Demande de droit d\'accès administrateur local à l\'ordinateur"". Achevrez les champs requis et soumettez votre demande.\nLa demande envoie une sollicitation d’approbation vers votre Manager et un membre du Service de la Sécurité aux États-Unis. Une fois approuvé, le ticket sera affecté à l\'équipe IT et les droits seront accordés.', 'sources': ""##### Sources:\n\n1. <a href='http://qms-toulouse.kratos.us/internal/IT/IT_process.html#how-to-request-local-admin-rights' target='_blank'>IT_process.html#how-to-request-local-admin-rights</a> / Score: 0.55<br>\n2. <a href='http://qms-toulouse.kratos.us/Kratos_Organization_Note.html#human-resources' target='_blank'>Kratos_Organization_Note.html#human-resources</a> / Score: 0.53<br>\n3. <a href='http://qms-toulouse.kratos.us/Kratos_Organization_Note.html#authorizations-of-signature' target='_blank'>Kratos_Organization_Note.html#authorizations-of-signature</a> / Score: 0.42<br>\n""}]",,1,2024-01-19 18:45:00,very good !
qms_virtual_assistant,"[{'role': 'user', 'content': 'ow to reqest lcal adin rights'}, {'role': 'assistant', 'content': ' Pour demander des droits d\'administrateur local, vous devrez accéder au portail AskIT en utilisant vos crédentiels Kratos. Ensuite cliquez sur le logo ""Nouvelle Demande"" > ""Logins et Accès"", puis sélectionnez ""Demande de droit d\'accès administrateur local à l\'ordinateur"". Achevrez les champs requis et soumettez votre demande.\nLa demande envoie une sollicitation d’approbation vers votre Manager et un membre du Service de la Sécurité aux États-Unis. Une fois approuvé, le ticket sera affecté à l\'équipe IT et les droits seront accordés.', 'sources': ""##### Sources:\n\n1. <a href='http://qms-toulouse.kratos.us/internal/IT/IT_process.html#how-to-request-local-admin-rights' target='_blank'>IT_process.html#how-to-request-local-admin-rights</a> / Score: 0.55<br>\n2. <a href='http://qms-toulouse.kratos.us/Kratos_Organization_Note.html#human-resources' target='_blank'>Kratos_Organization_Note.html#human-resources</a> / Score: 0.53<br>\n3. <a href='http://qms-toulouse.kratos.us/Kratos_Organization_Note.html#authorizations-of-signature' target='_blank'>Kratos_Organization_Note.html#authorizations-of-signature</a> / Score: 0.42<br>\n""}, {'role': 'user', 'content': 'hi'}, {'role': 'assistant', 'content': ' Bonjour ! Comment allez-vous ? Je suis heureux(se) d\'être en mesures de vous aider avec vos demandes relatives au système de gestion des qualités (QMS) chez Kratos. Si cela vous intéresse, je peux commencer par répondre à votre question actuelle : comment demander des droits d’administrateur local sur un ordinateur ? Pour ce faire, il faut accéder au portail AskIT en utilisant vos crédentiels Kratos. Ensuite cliquez sur le logo ""Nouvelle Demande"" > ""Logins et Accès"", puis sélectionnez ""Demande de droit d’accès administrateur local à l\'ordinateur"". Achevrez les champs requis et soumettez votre demande. La demande envoie une sollicitation d’approbation vers votre Manager et un membre du Service de la Sécurité aux États-Unis. Une fois approuvé, le ticket sera affecté à l\'équipe IT et les droits seront accordés. Si vous avez des questions supplémentaires', 'sources': ""##### Sources:\n\n1. <a href='http://qms-toulouse.kratos.us/internal/IT/IT_process.html#how-to-request-local-admin-rights' target='_blank'>IT_process.html#how-to-request-local-admin-rights</a> / Score: 0.63<br>\n2. <a href='http://qms-toulouse.kratos.us/internal/Technical_Documentation/Active_Directory/Add_users_to_group.html#configuration' target='_blank'>Add_users_to_group.html#configuration</a> / Score: 0.54<br>\n3. <a href='http://qms-toulouse.kratos.us/internal/HR/Charte_Communication.html#je-suis-courtoise-et-polie' target='_blank'>Charte_Communication.html#je-suis-courtoise-et-polie</a> / Score: 0.42<br>\n""}]",,1,2024-01-19 18:45:43,
skyminer_virtual_assistant,"[{'role': 'user', 'content': 'what are aggregators'}, {'role': 'assistant', 'content': '       Aggregators perform operations on data points, like downsampling. For example, one could sum all data points that exist in a specific time interval (e.g., every five minutes) or average the results over a certain period of time (e.g., one week). They can be combined together to create more complex analyses and are processed in the order specified within queries with their output being sent as input for subsequent aggregators. If no aggregator is defined, all data points that match tag filtering will be returned instead.', 'sources': ""##### Sources:\n\n1. <a href='http://192.168.48.22:8082/repository/skyminer-dev/skyminer-documentation/latest/administration-manual-html/administration-manual-html/installation/architecture.html#introduction' target='_blank'>architecture.html#introduction</a> / Score: 0.75<br>\n2. <a href='http://192.168.48.22:8082/repository/skyminer-dev/skyminer-documentation/latest/user-manual-html/user-manual-html/faq.html#what-is-skyminer' target='_blank'>faq.html#what-is-skyminer</a> / Score: 0.75<br>\n3. <a href='http://192.168.48.22:8082/repository/skyminer-dev/skyminer-documentation/latest/administration-manual-html/administration-manual-html/skyminer-introduction.html#skyminer-introduction' target='_blank'>skyminer-introduction.html#skyminer-introduction</a> / Score: 0.75<br>\n4. <a href='http://192.168.48.22:8082/repository/skyminer-dev/skyminer-documentation/latest/user-manual-html/user-manual-html/query-ui/vertical-aggregators.html#overview' target='_blank'>vertical-aggregators.html#overview</a> / Score: 0.64<br>\n5. <a href='http://192.168.48.22:8082/repository/skyminer-dev/skyminer-documentation/latest/user-manual-html/user-manual-html/query-ui/aggregators.html#javascript-aggregators' target='_blank'>aggregators.html#javascript-aggregators</a> / Score: 0.61<br>\n6. <a href='http://192.168.48.22:8082/repository/skyminer-dev/skyminer-documentation/latest/user-manual-html/user-manual-html/query-ui/aggregators.html#overview' target='_blank'>aggregators.html#overview</a> / Score: 0.6<br>\n""}, {'role': 'user', 'content': 'tell me more'}, {'role': 'assistant', 'content': '       Aggregators in Skyminer are used to perform operations on data points, such as summing or averaging results over a specific time interval or period of time. They can be combined together for complex analyses and processed in the order specified within queries with their output being sent as input for subsequent aggregators. If no aggregator is defined, all matching data points will be returned instead.', 'sources': ""##### Sources:\n\n1. <a href='http://192.168.48.22:8082/repository/skyminer-dev/skyminer-documentation/latest/user-manual-html/user-manual-html/query-ui/aggregators.html#description' target='_blank'>aggregators.html#description</a> / Score: 0.8<br>\n2. <a href='http://192.168.48.22:8082/repository/skyminer-dev/skyminer-documentation/latest/user-manual-html/user-manual-html/query-ui/aggregators.html#access-to-aggregator-documentation-in-skyminer-ui' target='_blank'>aggregators.html#access-to-aggregator-documentation-in-skyminer-ui</a> / Score: 0.67<br>\n3. <a href='http://192.168.48.22:8082/repository/skyminer-dev/skyminer-documentation/latest/administration-manual-html/administration-manual-html/installation/architecture.html#introduction' target='_blank'>architecture.html#introduction</a> / Score: 0.64<br>\n""}]","##### Sources:

1. <a href='http://192.168.48.22:8082/repository/skyminer-dev/skyminer-documentation/latest/user-manual-html/user-manual-html/query-ui/aggregators.html#description' target='_blank'>aggregators.html#description</a> / Score: 0.8<br>
2. <a href='http://192.168.48.22:8082/repository/skyminer-dev/skyminer-documentation/latest/user-manual-html/user-manual-html/query-ui/aggregators.html#access-to-aggregator-documentation-in-skyminer-ui' target='_blank'>aggregators.html#access-to-aggregator-documentation-in-skyminer-ui</a> / Score: 0.67<br>
3. <a href='http://192.168.48.22:8082/repository/skyminer-dev/skyminer-documentation/latest/administration-manual-html/administration-manual-html/installation/architecture.html#introduction' target='_blank'>architecture.html#introduction</a> / Score: 0.64<br>
",1,2024-01-23 11:25:21,cool
skyminer_virtual_assistant,"[{'role': 'user', 'content': 'what are aggregators'}, {'role': 'assistant', 'content': '       Aggregators perform operations on data points, like downsampling. For example, one could sum all data points that exist in a specific time interval (e.g., every five minutes) or average the results over a certain period of time (e.g., one week). They can be combined together to create more complex analyses and are processed in the order specified within queries with their output being sent as input for subsequent aggregators. If no aggregator is defined, all data points that match tag filtering will be returned instead.', 'sources': ""##### Sources:\n\n1. <a href='http://192.168.48.22:8082/repository/skyminer-dev/skyminer-documentation/latest/administration-manual-html/administration-manual-html/installation/architecture.html#introduction' target='_blank'>architecture.html#introduction</a> / Score: 0.75<br>\n2. <a href='http://192.168.48.22:8082/repository/skyminer-dev/skyminer-documentation/latest/user-manual-html/user-manual-html/faq.html#what-is-skyminer' target='_blank'>faq.html#what-is-skyminer</a> / Score: 0.75<br>\n3. <a href='http://192.168.48.22:8082/repository/skyminer-dev/skyminer-documentation/latest/administration-manual-html/administration-manual-html/skyminer-introduction.html#skyminer-introduction' target='_blank'>skyminer-introduction.html#skyminer-introduction</a> / Score: 0.75<br>\n4. <a href='http://192.168.48.22:8082/repository/skyminer-dev/skyminer-documentation/latest/user-manual-html/user-manual-html/query-ui/vertical-aggregators.html#overview' target='_blank'>vertical-aggregators.html#overview</a> / Score: 0.64<br>\n5. <a href='http://192.168.48.22:8082/repository/skyminer-dev/skyminer-documentation/latest/user-manual-html/user-manual-html/query-ui/aggregators.html#javascript-aggregators' target='_blank'>aggregators.html#javascript-aggregators</a> / Score: 0.61<br>\n6. <a href='http://192.168.48.22:8082/repository/skyminer-dev/skyminer-documentation/latest/user-manual-html/user-manual-html/query-ui/aggregators.html#overview' target='_blank'>aggregators.html#overview</a> / Score: 0.6<br>\n""}, {'role': 'user', 'content': 'tell me more'}, {'role': 'assistant', 'content': '       Aggregators in Skyminer are used to perform operations on data points, such as summing or averaging results over a specific time interval or period of time. They can be combined together for complex analyses and processed in the order specified within queries with their output being sent as input for subsequent aggregators. If no aggregator is defined, all matching data points will be returned instead.', 'sources': ""##### Sources:\n\n1. <a href='http://192.168.48.22:8082/repository/skyminer-dev/skyminer-documentation/latest/user-manual-html/user-manual-html/query-ui/aggregators.html#description' target='_blank'>aggregators.html#description</a> / Score: 0.8<br>\n2. <a href='http://192.168.48.22:8082/repository/skyminer-dev/skyminer-documentation/latest/user-manual-html/user-manual-html/query-ui/aggregators.html#access-to-aggregator-documentation-in-skyminer-ui' target='_blank'>aggregators.html#access-to-aggregator-documentation-in-skyminer-ui</a> / Score: 0.67<br>\n3. <a href='http://192.168.48.22:8082/repository/skyminer-dev/skyminer-documentation/latest/administration-manual-html/administration-manual-html/installation/architecture.html#introduction' target='_blank'>architecture.html#introduction</a> / Score: 0.64<br>\n""}, {'role': 'user', 'content': 'hi'}, {'role': 'assistant', 'content': ' Hello! In Skyminer, aggregators are used to perform calculations on data points such as summing or averaging results over a specific time interval. They can be combined together for complex analyses and processed in the order specified within queries with their output being sent as input for subsequent aggregators if no aggregator is defined all matching data points will be returned instead.', 'sources': ""##### Sources:\n\n1. <a href='http://192.168.48.22:8082/repository/skyminer-dev/skyminer-documentation/latest/user-manual-html/user-manual-html/query-ui/aggregators.html#description' target='_blank'>aggregators.html#description</a> / Score: 0.78<br>\n2. <a href='http://192.168.48.22:8082/repository/skyminer-dev/skyminer-documentation/latest/user-manual-html/user-manual-html/query-ui/aggregators.html#access-to-aggregator-documentation-in-skyminer-ui' target='_blank'>aggregators.html#access-to-aggregator-documentation-in-skyminer-ui</a> / Score: 0.65<br>\n3. <a href='http://192.168.48.22:8082/repository/skyminer-dev/skyminer-documentation/latest/administration-manual-html/administration-manual-html/installation/architecture.html#introduction' target='_blank'>architecture.html#introduction</a> / Score: 0.64<br>\n""}]","##### Sources:

1. <a href='http://192.168.48.22:8082/repository/skyminer-dev/skyminer-documentation/latest/user-manual-html/user-manual-html/query-ui/aggregators.html#description' target='_blank'>aggregators.html#description</a> / Score: 0.78<br>
2. <a href='http://192.168.48.22:8082/repository/skyminer-dev/skyminer-documentation/latest/user-manual-html/user-manual-html/query-ui/aggregators.html#access-to-aggregator-documentation-in-skyminer-ui' target='_blank'>aggregators.html#access-to-aggregator-documentation-in-skyminer-ui</a> / Score: 0.65<br>
3. <a href='http://192.168.48.22:8082/repository/skyminer-dev/skyminer-documentation/latest/administration-manual-html/administration-manual-html/installation/architecture.html#introduction' target='_blank'>architecture.html#introduction</a> / Score: 0.64<br>
",1,2024-01-23 11:26:29,pipi
